Burberry's,バーバリー
Bates,ベイツ
BIG MAC,ビッグマック
Bostonian,ボストニアン
Brooks,ブルックス
Big Smith,ビッグスミス
BIG YANK,ビッグヤンク
Bruno Magli,ブルーノマリ
Barker,バーカー
BEN DAVIS,ベンデイビス
BIG MIKE,ビッグマイク
Belstaff,ベルスタッフ
BANANA REPUBLIC,バナナリパブリック
Bally,バリー
Buffalo,バッファロー
BARNEYS NEWYORK,バーニーズニューヨーク
BARACUTA,バラクータ
Bristol,ブリストル
Buco,ブコ
BRENT,ブレント
BIGBEN,ビッグベン
Barbour,バブアー
BIRKENSTOCK,ビルケンシュトック
Brooks Brothers,ブルックスブラザーズ
Carhartt,カーハート
Champion,チャンピオン
COACH,コーチ
Camper,カンペール
Christian Dior,クリスチャンディオール
CROCKETT & JONES,クロケットアンドジョーン
Columbia,コロンビア
COLEHAAN,コールハーン
CHIPPEWA,チペワ
Cavallo,カバロ
Carolina,キャロライナ
Calvin klein,カルバンクライン
COMME des GARCONS,コムデギャルソン
Chloe,クロエ
Can't Bust'Em,キャントバステム
Cabelas,カベラス
Carter's,カーターズ
Clarks,クラークス
Chaco,チャコ
CAMP7,キャンプセブン
CONVERSE,コンバース
CHEANEY,チーニー
CHURCH'S,チャーチ
CAMPUS,キャンパス
Dickies,ディッキーズ
Dr.Martens,ドクターマーチン
DIESEL,ディーゼル
dansko,ダンスコ
DRIES VAN NOTEN,ドリスヴァンノッテン
Duxbak,ダックスバック
DOLCE&GABBANA,ドルチェアンドガッバーナ
DOUBLE H,ダブルエイチ
Dexter,デクスター
DSQUARED2,ディースクエアード
DANNER,ダナー
DEE CEE,ディーシー
DOONEY&BOURKE,ドゥーニーアンドバーク
ELY,エリー
Esprit,エスプリ
EDWARD GREEN,エドワードグリーン
Eastwest,イーストウエスト
EASTPAK,イーストパック
Eddie Bauer,エディーバウアー
FRYE,フライ
Frost Proof,フローストプルーフ
FENDI,フェンディ
Five Brother,ファイブブラザー
FILSON,フィルソン
Florsheim,フローシャイム
FRED PERRY,フレッドペリー
FILA,フィラ
Givenchy,ジバンシィ
GRAMICCI,グラミチ
Guess,ゲス
GUCCI,グッチ
Getta Grip,ゲッタグリップ
Georgiaboot,ジョージアブーツ
GRENSON,グレンソン
Golden Bear,ゴールデンベアー
G-STAR RAW,ジースターロゥ
GUNNE SAX,ガンネサックス
G.H.Bass,ジーエイチバス
GOKEY,ゴーキー
GAP,ギャップ
Giorgio Armani,ジョルジオアルマーニ
GEORGE COX,ジョージコックス
GLOVERALL,グローバーオール
Head Light,ヘッドライト
HATHORNBOOT,ハーソンブーツ
Harris Tweed,ハリスツイード
HELMUT LANG,ヘルムートラング
Healthknit,ヘルスニット
Hawkins,ホーキンス
Hercules,ヘラクレス
HILTON,ヒルトン
Hanes,ヘインズ
HUGO BOSS,ヒューゴボス
Highwayman,ハイウェイマン
Harley-Davidson,ハーレーダビッドソン
J.C.Penney,ジェイシーペニー
J.CREW,ジェイクルー
JUSTIN,ジャスティン
JOHN LOBB,ジョン ロブ
J.M.Weston,ジェイエムウエストン
JIL SANDER,ジルサンダー
Jerzees,ジャージーズ
JANSPORT,ジャンスポーツ
Jimmy'z,ジミーズ
Jantzen,ジャンセン
JOHNSTON&MURPHY,ジョンストンアンドマーフィー
Kate Spade,ケイトスペード
KEEN,キーン
Key,キー
King Louie,キングルイ
LACOSTE,ラコステ
Levi's,リーバイス
Lee,リー
L.L.Bean,エルエルビーン
LONDON FOG,ロンドンフォグ
LOWA,ローバー
LOUIS VUITTON,ルイヴィトン
Lewis Leathers,ルイスレザー
Loake,ローク
Liz Claiborne,リズクレイボーン
marimekko,マリメッコ
miumiu,ミュウミュウ
Mr.Leggs,ミスターレッグス
MARNI,マルニ
MARC JACOBS,マークジェイコブス
MICHAEL KORS,マイケルコース
McGREGOR,マックレガー
MERRELL,メレル
Marks&Spencer,マークスアンドスペンサー
MEMBERS ONLY,メンバーズオンリー
Maverick,マーベリック
Montgomery Ward,モンゴメリーワード
NIKE,ナイキ
NAUTICA,ノーティカ
NATURAL COMFORT,ナチュラルコンフォート
NEW ERA,ニューエラ
NEW ROCK,ニューロック
NEW BALANCE,ニューバランス
North Beach Lether,ノースビーチレザー
Ocean pacific,オーシャンパシフィック
Osh kosh,オシュコシュ
Patagonia,パタゴニア
PUMA,プーマ
PENDLETON,ペンドルトン
Phillip lim,フィリップリム
Pioneer,パイオニア
Penfield,ペンフィールド
Pointer,ポインター
PARA BOOT,パラブーツ
Powderhorn,パウダーホーン
Paul Smith,ポールスミス
Penney's,ペニーズ
PRADA,プラダ
PAUL&JOE,ポールアンドジョー
Pierre Cardin,ピエールカルダン
Reebok,リーボック
REDWING,レッドウイング
RALPH LAUREN,ラルフローレン
REYNSPOONER,レインスプーナー
R.M.Williams,アールエムウィリアムズ
Russell,ラッセル
RockyMountainFeatherbed,ロッキーマウンテンフェザーベッド
Red kap,レッドキャップ
REI,アールイーアイ
Round House,ラウンドハウス
Russell Southern,ラッセルサザン
RUSSELL MOCCASIN,ラッセルモカシン
RED HEAD,レッドヘッド
Sears,シアーズ
SCHOTT,ショット
SANTONI,サントーニ
SAINT JAMES,セントジェームス
SANCHO,サンチョ
Sanders,サンダース
Salvatore Ferragamo,フェラガモ
SEBAGO,セバゴ
SIERRA DESIGNS,シエラデザインズ
Starter,スターター
STUSSY,ステューシー
SOREL,ソレル
THE NORTH FACE,ザノースフェイス
TOMMY HILFIGER,トミーヒルフィガー
Tricker's,トリッカーズ
TODS,トッズ
Teva,テバ
Trippen,トリッペン
TOWN CRAFT,タウンクラフト
Timberland,ティンバーランド
TORY BURCH,トリーバーチ
Tony Lama,トニーラマ
THRASHER,スラッシャー
UGG,アグ
UNITED COLORS OF BENETTON,ベネトン
VERSACE,ヴェルサーチ
VANSON,ヴァンソン
VELVA SHEEN,ベルバシーン
VANS,バンズ
WHITE'S,ホワイツ
WESCO,ウエスコ
Wolf leathers,ウルフレザー
WILLIAM BARRY,ウィリアムバリー
Wrangler,ラングラー
Woolrich,ウールリッチ
Yves Saint Laurent,イヴサンローラン